{
  "Author": "UcanPatates,Ice (Lenopis)",
  "Name": "GlobalTurnIn",
  "InternalName": "GlobalTurnIn",
  "AssemblyVersion": "0.0.0.7",
  "Description": "This Plugin will Automaticly turn in your Deltascape , Gordian and Alexandrian parts.",
  "ApplicableVersion": "any",
  "Tags": [
    "Gil",
    "plugin"
  ],
  "DalamudApiLevel": 11,
  "LoadRequiredState": 0,
  "LoadSync": false,
  "CanUnloadAsync": false,
  "LoadPriority": 0,
  "Punchline": "Time to make some gill.",
  "AcceptsFeedback": true
}