{
  "Author": "UcanPatates",
  "Name": "GlobalTurnIn",
  "InternalName": "SamplePlugin",
  "AssemblyVersion": "0.0.0.1",
  "Description": "This Plugin will Automaticly turn in your Deltascape , Gordian and Alexandrian parts.",
  "ApplicableVersion": "any",
  "RepoUrl": "https://github.com/UcanPatatess/Sample",
  "Tags": [
    "automation",
    "plugin"
  ],
  "DalamudApiLevel": 11,
  "LoadRequiredState": 0,
  "LoadSync": false,
  "CanUnloadAsync": false,
  "LoadPriority": 0,
  "Punchline": "Make money $$$",
  "AcceptsFeedback": true
}